Re, Im
0.176743, 0.000000
