Re, Im
-1.644017, 0.000000
0.119640, 1.028261
-0.594047, 0.796208
-0.625659, 0.000000
0.119640, -1.028261
0.548284, 0.000000
-0.594047, -0.796208
0.679758, -0.532214
1.120812, 0.000000
0.679758, 0.532214
-4.365680, 0.000000
