Re, Im
-0.621553, -0.917805
0.095677, -1.067122
0.818584, -0.000000
0.961497, -0.000000
-0.621553, 0.917805
-1.103329, 0.000000
0.095677, 1.067122
