Re, Im
-0.280776, -0.000000
0.000000, 0.000000
1.780776, 0.000000
