Re, Im
-1.134135, 0.000000
